{
  "opening": {
    "id": "london-main",
    "name": "Système de Londres - Ligne principale",
    "eco": "D02",
    "description": "La ligne principale du Système de Londres repose sur un développement harmonieux, une structure solide et une transition fluide vers le milieu de jeu. Elle est adaptée contre la majorité des défenses noires."
  },
  "principles": {
    "core_ideas": [
      "Développer rapidement le fou en f4 avant de fermer la diagonale avec e3.",
      "Établir une structure de pions solide d4-e3-c3.",
      "Jouer souvent Cf3 puis Fd3 et roquer rapidement du côté roi.",
      "Contrôler le centre sans le sur-occuper, et réagir calmement aux poussées noires."
    ],
    "typical_structure": "Les Blancs visent une structure de pions d4-e3-c3 avec le fou actif en f4 et les cavaliers en f3 et d2. Ce schéma garantit stabilité et flexibilité."
  },
  "variants": [],
  "trainingScripts": {
    "guided": [
      {
        "id": "guided-main-white",
        "name": "Ligne principale classique",
        "side": "white",
        "description": "Apprenez la ligne principale du Système de Londres étape par étape.",
        "sequence": [
          { "san": "d4", "coach": "Occupez le centre et préparez la sortie de votre fou de cases blanches.", "tags": ["contrôle du centre", "développement"] },
          { "san": "Nf6", "tags": ["réponse standard"] },
          { "san": "Bf4", "coach": "Développez votre fou avant e3 pour éviter de le bloquer.", "tags": ["développement du fou", "plan principal"] },
          { "san": "e6", "tags": ["solide"] },
          { "san": "Nf3", "coach": "Renforcez d4 et préparez le roque.", "tags": ["développement", "préparation du roque"] },
          { "san": "c5", "tags": ["contre-attaque centrale"] },
          { "san": "e3", "coach": "Stabilisez le centre et ouvrez la diagonale du fou f1.", "tags": ["structure de pions"] },
          { "san": "Nc6", "tags": ["pression centrale"] },
          { "san": "Nbd2", "coach": "Développez votre dernier cavalier vers une case de soutien.", "tags": ["flexibilité"] },
          { "san": "Be7", "tags": ["préparation du roque"] },
          { "san": "c3", "coach": "Renforcez d4 et préparez Fd3.", "tags": ["structure de pions"] },
          { "san": "O-O", "tags": ["sécurité du roi"] },
          { "san": "Bd3", "coach": "Placez le fou sur la diagonale b1-h7 pour viser l’aile roi.", "tags": ["initiative", "attaque"] }
        ]
      }
    ],
    "semiGuided": [
      {
        "id": "semi-main-white",
        "name": "Application du plan principal",
        "side": "white",
        "description": "Jouez la ligne principale du Système de Londres en validant chaque coup.",
        "outOfBookMessage": "Vous êtes sorti de la théorie du Londres. Essayez de revenir sur la séquence principale.",
        "lines": [
          {
            "variantTag": "main-line-symmetrical",
            "moves": [
              { "actor": "player", "san": "d4", "idea": "Contrôlez le centre et préparez la sortie du fou.", "hint1": "Coup d’ouverture typique.", "hint2": "Prépare le plan f4 avant e3.", "explain": "Le coup d4 est la base du Londres.", "success": "Très bien, vous posez les fondations du plan." },
              { "actor": "opponent", "san": "d5" },
              { "actor": "player", "san": "Bf4", "idea": "Sortez le fou avant e3.", "hint1": "Activez le fou sur la diagonale c1-h6.", "hint2": "Ne bloquez pas le fou avec e3 trop tôt.", "explain": "Le fou f4 est la pièce clé du système.", "success": "Excellent, votre fou est bien placé." },
              { "actor": "opponent", "san": "Nf6" },
              { "actor": "player", "san": "e3", "idea": "Soutenez d4 et libérez la diagonale du fou f1.", "hint1": "Solidez votre centre.", "hint2": "Préparez le développement du cavalier.", "explain": "e3 complète la structure triangulaire d4-e3-c3.", "success": "Structure centrale stable." },
              { "actor": "opponent", "san": "e6" },
              { "actor": "player", "san": "Nf3", "idea": "Développez une pièce active.", "hint1": "Le cavalier f3 protège d4.", "hint2": "Préparez le roque.", "explain": "Cf3 soutient le centre et le futur roque.", "success": "Développement fluide." },
              { "actor": "opponent", "san": "c5" },
              { "actor": "player", "san": "c3", "idea": "Renforcez d4.", "hint1": "Ajoutez un pion de soutien.", "hint2": "Créez la structure d4-e3-c3.", "explain": "Le coup c3 solidifie votre centre.", "success": "Très bien, votre bastion est prêt." },
              { "actor": "opponent", "san": "Nc6" },
              { "actor": "player", "san": "Nbd2", "idea": "Complétez le développement des cavaliers.", "hint1": "Ce cavalier soutient e4.", "hint2": "Prépare un plan central.", "explain": "Le cavalier b1-d2 est la dernière pièce mineure à développer.", "success": "Excellente coordination." },
              { "actor": "opponent", "san": "Bd6" },
              { "actor": "player", "san": "Bd3", "idea": "Placez votre fou pour viser l’aile roi.", "hint1": "Préparez le roque.", "hint2": "Visez h7.", "explain": "Fd3 prépare la coordination finale.", "success": "Très bien, tout est prêt pour roquer." },
              { "actor": "opponent", "san": "O-O" },
              { "actor": "player", "san": "O-O", "idea": "Mettez le roi en sécurité et connectez vos tours.", "hint1": "Fin du développement.", "hint2": "Vous pouvez maintenant planifier le milieu de jeu.", "explain": "Le roque clôt le développement de base.", "success": "Plan d’ouverture terminé avec succès !" }
            ]
          }
        ]
      }
    ]
  },
  "training_modes": {
    "guided": true,
    "interactive": true,
    "scenario": true
  }
}
